[
	{
		"id": 8,
		"game": {
			"id": 2,
			"currentState": "STARTED",
			"users": null,
			"gamePlayground": {
				"id": 1,
				"numbersAlreadyCalled": [
					1,
					3,
					5,
					6,
					8,
					9,
					10,
					11,
					12,
					13,
					15,
					16,
					17,
					18,
					19,
					20,
					21,
					22,
					23,
					24,
					25,
					26,
					30,
					31,
					33,
					34,
					35,
					36,
					37,
					38,
					40,
					42,
					43,
					45,
					47,
					48,
					49,
					50,
					51,
					52,
					53,
					54,
					55,
					56,
					58,
					59,
					60,
					62,
					63,
					65,
					67,
					68,
					70,
					71,
					72,
					73,
					74,
					76,
					77,
					78,
					79,
					80,
					81,
					82,
					83,
					84,
					85,
					87,
					88,
					89,
					90,
					94,
					95,
					98,
					99
				],
				"latestNum": 15,
				"prizesAlreadyClaimed": [
					"ROW1",
					"ROW3"
				],
				"prizesClaimedInCurrentNumber": [
					"ROW2",
					"BINGO"
				]
			}
		},
		"users": [],
		"prizeWon": "FIRST_5"
	},
	{
		"id": 11,
		"game": {
			"id": 2,
			"currentState": "STARTED",
			"users": null,
			"gamePlayground": {
				"id": 1,
				"numbersAlreadyCalled": [
					1,
					3,
					5,
					6,
					8,
					9,
					10,
					11,
					12,
					13,
					15,
					16,
					17,
					18,
					19,
					20,
					21,
					22,
					23,
					24,
					25,
					26,
					30,
					31,
					33,
					34,
					35,
					36,
					37,
					38,
					40,
					42,
					43,
					45,
					47,
					48,
					49,
					50,
					51,
					52,
					53,
					54,
					55,
					56,
					58,
					59,
					60,
					62,
					63,
					65,
					67,
					68,
					70,
					71,
					72,
					73,
					74,
					76,
					77,
					78,
					79,
					80,
					81,
					82,
					83,
					84,
					85,
					87,
					88,
					89,
					90,
					94,
					95,
					98,
					99
				],
				"latestNum": 15,
				"prizesAlreadyClaimed": [
					"ROW1",
					"ROW3"
				],
				"prizesClaimedInCurrentNumber": [
					"ROW2",
					"BINGO"
				]
			}
		},
		"users": [],
		"prizeWon": "FIRST_5"
	},
	{
		"id": 13,
		"game": {
			"id": 2,
			"currentState": "STARTED",
			"users": null,
			"gamePlayground": {
				"id": 1,
				"numbersAlreadyCalled": [
					1,
					3,
					5,
					6,
					8,
					9,
					10,
					11,
					12,
					13,
					15,
					16,
					17,
					18,
					19,
					20,
					21,
					22,
					23,
					24,
					25,
					26,
					30,
					31,
					33,
					34,
					35,
					36,
					37,
					38,
					40,
					42,
					43,
					45,
					47,
					48,
					49,
					50,
					51,
					52,
					53,
					54,
					55,
					56,
					58,
					59,
					60,
					62,
					63,
					65,
					67,
					68,
					70,
					71,
					72,
					73,
					74,
					76,
					77,
					78,
					79,
					80,
					81,
					82,
					83,
					84,
					85,
					87,
					88,
					89,
					90,
					94,
					95,
					98,
					99
				],
				"latestNum": 15,
				"prizesAlreadyClaimed": [
					"ROW1",
					"ROW3"
				],
				"prizesClaimedInCurrentNumber": [
					"ROW2",
					"BINGO"
				]
			}
		},
		"users": [],
		"prizeWon": "ROW1"
	},
	{
		"id": 15,
		"game": {
			"id": 2,
			"currentState": "STARTED",
			"users": null,
			"gamePlayground": {
				"id": 1,
				"numbersAlreadyCalled": [
					1,
					3,
					5,
					6,
					8,
					9,
					10,
					11,
					12,
					13,
					15,
					16,
					17,
					18,
					19,
					20,
					21,
					22,
					23,
					24,
					25,
					26,
					30,
					31,
					33,
					34,
					35,
					36,
					37,
					38,
					40,
					42,
					43,
					45,
					47,
					48,
					49,
					50,
					51,
					52,
					53,
					54,
					55,
					56,
					58,
					59,
					60,
					62,
					63,
					65,
					67,
					68,
					70,
					71,
					72,
					73,
					74,
					76,
					77,
					78,
					79,
					80,
					81,
					82,
					83,
					84,
					85,
					87,
					88,
					89,
					90,
					94,
					95,
					98,
					99
				],
				"latestNum": 15,
				"prizesAlreadyClaimed": [
					"ROW1",
					"ROW3"
				],
				"prizesClaimedInCurrentNumber": [
					"ROW2",
					"BINGO"
				]
			}
		},
		"users": [],
		"prizeWon": "ROW1"
	},
	{
		"id": 17,
		"game": {
			"id": 2,
			"currentState": "STARTED",
			"users": null,
			"gamePlayground": {
				"id": 1,
				"numbersAlreadyCalled": [
					1,
					3,
					5,
					6,
					8,
					9,
					10,
					11,
					12,
					13,
					15,
					16,
					17,
					18,
					19,
					20,
					21,
					22,
					23,
					24,
					25,
					26,
					30,
					31,
					33,
					34,
					35,
					36,
					37,
					38,
					40,
					42,
					43,
					45,
					47,
					48,
					49,
					50,
					51,
					52,
					53,
					54,
					55,
					56,
					58,
					59,
					60,
					62,
					63,
					65,
					67,
					68,
					70,
					71,
					72,
					73,
					74,
					76,
					77,
					78,
					79,
					80,
					81,
					82,
					83,
					84,
					85,
					87,
					88,
					89,
					90,
					94,
					95,
					98,
					99
				],
				"latestNum": 15,
				"prizesAlreadyClaimed": [
					"ROW1",
					"ROW3"
				],
				"prizesClaimedInCurrentNumber": [
					"ROW2",
					"BINGO"
				]
			}
		},
		"users": [],
		"prizeWon": "ROW1"
	},
	{
		"id": 19,
		"game": {
			"id": 2,
			"currentState": "STARTED",
			"users": null,
			"gamePlayground": {
				"id": 1,
				"numbersAlreadyCalled": [
					1,
					3,
					5,
					6,
					8,
					9,
					10,
					11,
					12,
					13,
					15,
					16,
					17,
					18,
					19,
					20,
					21,
					22,
					23,
					24,
					25,
					26,
					30,
					31,
					33,
					34,
					35,
					36,
					37,
					38,
					40,
					42,
					43,
					45,
					47,
					48,
					49,
					50,
					51,
					52,
					53,
					54,
					55,
					56,
					58,
					59,
					60,
					62,
					63,
					65,
					67,
					68,
					70,
					71,
					72,
					73,
					74,
					76,
					77,
					78,
					79,
					80,
					81,
					82,
					83,
					84,
					85,
					87,
					88,
					89,
					90,
					94,
					95,
					98,
					99
				],
				"latestNum": 15,
				"prizesAlreadyClaimed": [
					"ROW1",
					"ROW3"
				],
				"prizesClaimedInCurrentNumber": [
					"ROW2",
					"BINGO"
				]
			}
		},
		"users": [],
		"prizeWon": "ROW1"
	},
	{
		"id": 21,
		"game": {
			"id": 2,
			"currentState": "STARTED",
			"users": null,
			"gamePlayground": {
				"id": 1,
				"numbersAlreadyCalled": [
					1,
					3,
					5,
					6,
					8,
					9,
					10,
					11,
					12,
					13,
					15,
					16,
					17,
					18,
					19,
					20,
					21,
					22,
					23,
					24,
					25,
					26,
					30,
					31,
					33,
					34,
					35,
					36,
					37,
					38,
					40,
					42,
					43,
					45,
					47,
					48,
					49,
					50,
					51,
					52,
					53,
					54,
					55,
					56,
					58,
					59,
					60,
					62,
					63,
					65,
					67,
					68,
					70,
					71,
					72,
					73,
					74,
					76,
					77,
					78,
					79,
					80,
					81,
					82,
					83,
					84,
					85,
					87,
					88,
					89,
					90,
					94,
					95,
					98,
					99
				],
				"latestNum": 15,
				"prizesAlreadyClaimed": [
					"ROW1",
					"ROW3"
				],
				"prizesClaimedInCurrentNumber": [
					"ROW2",
					"BINGO"
				]
			}
		},
		"users": [],
		"prizeWon": "ROW1"
	},
	{
		"id": 23,
		"game": {
			"id": 2,
			"currentState": "STARTED",
			"users": null,
			"gamePlayground": {
				"id": 1,
				"numbersAlreadyCalled": [
					1,
					3,
					5,
					6,
					8,
					9,
					10,
					11,
					12,
					13,
					15,
					16,
					17,
					18,
					19,
					20,
					21,
					22,
					23,
					24,
					25,
					26,
					30,
					31,
					33,
					34,
					35,
					36,
					37,
					38,
					40,
					42,
					43,
					45,
					47,
					48,
					49,
					50,
					51,
					52,
					53,
					54,
					55,
					56,
					58,
					59,
					60,
					62,
					63,
					65,
					67,
					68,
					70,
					71,
					72,
					73,
					74,
					76,
					77,
					78,
					79,
					80,
					81,
					82,
					83,
					84,
					85,
					87,
					88,
					89,
					90,
					94,
					95,
					98,
					99
				],
				"latestNum": 15,
				"prizesAlreadyClaimed": [
					"ROW1",
					"ROW3"
				],
				"prizesClaimedInCurrentNumber": [
					"ROW2",
					"BINGO"
				]
			}
		},
		"users": [],
		"prizeWon": "ROW1"
	},
	{
		"id": 25,
		"game": {
			"id": 2,
			"currentState": "STARTED",
			"users": null,
			"gamePlayground": {
				"id": 1,
				"numbersAlreadyCalled": [
					1,
					3,
					5,
					6,
					8,
					9,
					10,
					11,
					12,
					13,
					15,
					16,
					17,
					18,
					19,
					20,
					21,
					22,
					23,
					24,
					25,
					26,
					30,
					31,
					33,
					34,
					35,
					36,
					37,
					38,
					40,
					42,
					43,
					45,
					47,
					48,
					49,
					50,
					51,
					52,
					53,
					54,
					55,
					56,
					58,
					59,
					60,
					62,
					63,
					65,
					67,
					68,
					70,
					71,
					72,
					73,
					74,
					76,
					77,
					78,
					79,
					80,
					81,
					82,
					83,
					84,
					85,
					87,
					88,
					89,
					90,
					94,
					95,
					98,
					99
				],
				"latestNum": 15,
				"prizesAlreadyClaimed": [
					"ROW1",
					"ROW3"
				],
				"prizesClaimedInCurrentNumber": [
					"ROW2",
					"BINGO"
				]
			}
		},
		"users": [],
		"prizeWon": "ROW1"
	},
	{
		"id": 27,
		"game": {
			"id": 2,
			"currentState": "STARTED",
			"users": null,
			"gamePlayground": {
				"id": 1,
				"numbersAlreadyCalled": [
					1,
					3,
					5,
					6,
					8,
					9,
					10,
					11,
					12,
					13,
					15,
					16,
					17,
					18,
					19,
					20,
					21,
					22,
					23,
					24,
					25,
					26,
					30,
					31,
					33,
					34,
					35,
					36,
					37,
					38,
					40,
					42,
					43,
					45,
					47,
					48,
					49,
					50,
					51,
					52,
					53,
					54,
					55,
					56,
					58,
					59,
					60,
					62,
					63,
					65,
					67,
					68,
					70,
					71,
					72,
					73,
					74,
					76,
					77,
					78,
					79,
					80,
					81,
					82,
					83,
					84,
					85,
					87,
					88,
					89,
					90,
					94,
					95,
					98,
					99
				],
				"latestNum": 15,
				"prizesAlreadyClaimed": [
					"ROW1",
					"ROW3"
				],
				"prizesClaimedInCurrentNumber": [
					"ROW2",
					"BINGO"
				]
			}
		},
		"users": [],
		"prizeWon": "ROW1"
	},
	{
		"id": 29,
		"game": {
			"id": 2,
			"currentState": "STARTED",
			"users": null,
			"gamePlayground": {
				"id": 1,
				"numbersAlreadyCalled": [
					1,
					3,
					5,
					6,
					8,
					9,
					10,
					11,
					12,
					13,
					15,
					16,
					17,
					18,
					19,
					20,
					21,
					22,
					23,
					24,
					25,
					26,
					30,
					31,
					33,
					34,
					35,
					36,
					37,
					38,
					40,
					42,
					43,
					45,
					47,
					48,
					49,
					50,
					51,
					52,
					53,
					54,
					55,
					56,
					58,
					59,
					60,
					62,
					63,
					65,
					67,
					68,
					70,
					71,
					72,
					73,
					74,
					76,
					77,
					78,
					79,
					80,
					81,
					82,
					83,
					84,
					85,
					87,
					88,
					89,
					90,
					94,
					95,
					98,
					99
				],
				"latestNum": 15,
				"prizesAlreadyClaimed": [
					"ROW1",
					"ROW3"
				],
				"prizesClaimedInCurrentNumber": [
					"ROW2",
					"BINGO"
				]
			}
		},
		"users": [],
		"prizeWon": "ROW1"
	},
	{
		"id": 31,
		"game": {
			"id": 2,
			"currentState": "STARTED",
			"users": null,
			"gamePlayground": {
				"id": 1,
				"numbersAlreadyCalled": [
					1,
					3,
					5,
					6,
					8,
					9,
					10,
					11,
					12,
					13,
					15,
					16,
					17,
					18,
					19,
					20,
					21,
					22,
					23,
					24,
					25,
					26,
					30,
					31,
					33,
					34,
					35,
					36,
					37,
					38,
					40,
					42,
					43,
					45,
					47,
					48,
					49,
					50,
					51,
					52,
					53,
					54,
					55,
					56,
					58,
					59,
					60,
					62,
					63,
					65,
					67,
					68,
					70,
					71,
					72,
					73,
					74,
					76,
					77,
					78,
					79,
					80,
					81,
					82,
					83,
					84,
					85,
					87,
					88,
					89,
					90,
					94,
					95,
					98,
					99
				],
				"latestNum": 15,
				"prizesAlreadyClaimed": [
					"ROW1",
					"ROW3"
				],
				"prizesClaimedInCurrentNumber": [
					"ROW2",
					"BINGO"
				]
			}
		},
		"users": [],
		"prizeWon": "ROW1"
	},
	{
		"id": 35,
		"game": {
			"id": 2,
			"currentState": "STARTED",
			"users": null,
			"gamePlayground": {
				"id": 1,
				"numbersAlreadyCalled": [
					1,
					3,
					5,
					6,
					8,
					9,
					10,
					11,
					12,
					13,
					15,
					16,
					17,
					18,
					19,
					20,
					21,
					22,
					23,
					24,
					25,
					26,
					30,
					31,
					33,
					34,
					35,
					36,
					37,
					38,
					40,
					42,
					43,
					45,
					47,
					48,
					49,
					50,
					51,
					52,
					53,
					54,
					55,
					56,
					58,
					59,
					60,
					62,
					63,
					65,
					67,
					68,
					70,
					71,
					72,
					73,
					74,
					76,
					77,
					78,
					79,
					80,
					81,
					82,
					83,
					84,
					85,
					87,
					88,
					89,
					90,
					94,
					95,
					98,
					99
				],
				"latestNum": 15,
				"prizesAlreadyClaimed": [
					"ROW1",
					"ROW3"
				],
				"prizesClaimedInCurrentNumber": [
					"ROW2",
					"BINGO"
				]
			}
		},
		"users": [
			{
				"id": 4,
				"name": "Willian Cost",
				"currentGameCard": null
			}
		],
		"prizeWon": "ROW3"
	},
	{
		"id": 39,
		"game": {
			"id": 2,
			"currentState": "STARTED",
			"users": null,
			"gamePlayground": {
				"id": 1,
				"numbersAlreadyCalled": [
					1,
					3,
					5,
					6,
					8,
					9,
					10,
					11,
					12,
					13,
					15,
					16,
					17,
					18,
					19,
					20,
					21,
					22,
					23,
					24,
					25,
					26,
					30,
					31,
					33,
					34,
					35,
					36,
					37,
					38,
					40,
					42,
					43,
					45,
					47,
					48,
					49,
					50,
					51,
					52,
					53,
					54,
					55,
					56,
					58,
					59,
					60,
					62,
					63,
					65,
					67,
					68,
					70,
					71,
					72,
					73,
					74,
					76,
					77,
					78,
					79,
					80,
					81,
					82,
					83,
					84,
					85,
					87,
					88,
					89,
					90,
					94,
					95,
					98,
					99
				],
				"latestNum": 15,
				"prizesAlreadyClaimed": [
					"ROW1",
					"ROW3"
				],
				"prizesClaimedInCurrentNumber": [
					"ROW2",
					"BINGO"
				]
			}
		},
		"users": [],
		"prizeWon": "ROW2"
	},
	{
		"id": 41,
		"game": {
			"id": 2,
			"currentState": "STARTED",
			"users": null,
			"gamePlayground": {
				"id": 1,
				"numbersAlreadyCalled": [
					1,
					3,
					5,
					6,
					8,
					9,
					10,
					11,
					12,
					13,
					15,
					16,
					17,
					18,
					19,
					20,
					21,
					22,
					23,
					24,
					25,
					26,
					30,
					31,
					33,
					34,
					35,
					36,
					37,
					38,
					40,
					42,
					43,
					45,
					47,
					48,
					49,
					50,
					51,
					52,
					53,
					54,
					55,
					56,
					58,
					59,
					60,
					62,
					63,
					65,
					67,
					68,
					70,
					71,
					72,
					73,
					74,
					76,
					77,
					78,
					79,
					80,
					81,
					82,
					83,
					84,
					85,
					87,
					88,
					89,
					90,
					94,
					95,
					98,
					99
				],
				"latestNum": 15,
				"prizesAlreadyClaimed": [
					"ROW1",
					"ROW3"
				],
				"prizesClaimedInCurrentNumber": [
					"ROW2",
					"BINGO"
				]
			}
		},
		"users": [
			{
				"id": 3,
				"name": "John Doe",
				"currentGameCard": null
			}
		],
		"prizeWon": "BINGO"
	}
]